Year,Type,Country,Fatal_injury,Species,Length,Weight
1869,Unprovoked,AUSTRALIA,N,TIGER SHARK,215,51
1907,Unprovoked,MALTA,Y,WHITE SHARK,600,2287
1910,Unprovoked,AUSTRALIA,N,BLUE SHARK,275,210
1912,Unprovoked,AUSTRALIA,Y,COPPER SHARK,280,101
1916,Unprovoked,USA,Y,WHITE SHARK,260,171
1916,Unprovoked,USA,Y,WHITE SHARK,260,171
1918,Sea Disaster,SAN DOMINGO,Y,TIGER SHARK,240,72
1920,Unprovoked,AUSTRALIA,N,SPINY DOGFISH SHARK,50,1
1921,Provoked,ENGLAND,N,BLUE SHARK,120,12
1922,Unprovoked,AUSTRALIA,Y,WHITE SHARK,240,135
1922,Unprovoked,SOUTH AFRICA,N,WHITE SHARK,365,489
1924,Unprovoked,USA,N,SHORTFIN MAKO SHARK,190,27
1925,Unprovoked,AUSTRALIA,Y,TIGER SHARK,400,432
1926,Unprovoked,USA,N,WHITE SHARK,150,33
1926,Unprovoked,AUSTRALIA,Y,WHITE SHARK,370,512
1926,Unprovoked,USA,Y,WHITE SHARK,390,585
1926,Unprovoked,ITALY,Y,WHITE SHARK,650,2913
1927,Unprovoked,SOUTH AFRICA,Y,WHITE SHARK,440,861
1929,Boating,AUSTRALIA,N,SHORTFIN MAKO SHARK,365,174
1930,Unprovoked,SOUTH AFRICA,N,WHITE SHARK,450,929
1930,Unprovoked,AUSTRALIA,Y,WHITE SHARK,490,1215
1931,Unprovoked,USA,N,HAMMERHEAD SHARK,250,69
1931,Provoked,USA,N,TIGER SHARK,300,148
1932,Boating,CANADA,N,WHITE SHARK,460,1000
1933,Unprovoked,USA,N,LEMON SHARK,250,131
1933,Unprovoked,AUSTRALIA,Y,TIGER SHARK,340,253
1934,Boating,AUSTRALIA,N,SHORTFIN MAKO SHARK,335,137
1934,Provoked,AUSTRALIA,N,SHORTFIN MAKO SHARK,370,181
1934,Unprovoked,AUSTRALIA,N,TIGER SHARK,150,16
1934,Unprovoked,AUSTRALIA,N,TIGER SHARK,340,253
1934,Boating,ITALY,N,WHITE SHARK,400,650
1935,Unprovoked,AUSTRALIA,N,TIGER SHARK,300,148
1935,Unprovoked,AUSTRALIA,N,TIGER SHARK,365,325
1935,Unprovoked,AUSTRALIA,Y,WHITE SHARK,375,523
1935,Unprovoked,AUSTRALIA,Y,WHITE SHARK,400,650
1936,Boating,USA,N,BLUE SHARK,240,132
1936,Unprovoked,AUSTRALIA,Y,TIGER SHARK,240,72
1936,Unprovoked,AUSTRALIA,N,TIGER SHARK,460,699
1936,Boating,AUSTRALIA,Y,WHITE SHARK,365,489
1937,Provoked,AUSTRALIA,N,COPPER SHARK,400,305
1937,Unprovoked,AUSTRALIA,N,TIGER SHARK,305,175
1937,Unprovoked,AUSTRALIA,Y,TIGER SHARK,360,308
1938,Provoked,AUSTRALIA,N,TIGER SHARK,90,3
1938,Provoked,AUSTRALIA,N,TIGER SHARK,185,31
1939,Unprovoked,AUSTRALIA,N,TIGER SHARK,430,560
1941,Provoked,USA,N,SHORTFIN MAKO SHARK,120,7
1942,Unprovoked,AUSTRALIA,Y,BULL SHARK,400,389
1942,Unprovoked,AUSTRALIA,N,TIGER SHARK,270,106
1942,Unprovoked,SOUTH AFRICA,Y,WHITE SHARK,525,1506
1943,Unprovoked,PANAMA,Y,WHITE SHARK,200,79
1943,Boating,AUSTRALIA,N,WHITE SHARK,390,585
1944,Unprovoked,USA,N,BLACKTIP SHARK,180,30
1944,Provoked,USA,N,TIGER SHARK,500,930
1944,Unprovoked,PANAMA,Y,WHITE SHARK,240,135
1946,Unprovoked,AUSTRALIA,N,WHITE SHARK,420,751
1947,Unprovoked,SOUTH AFRICA,N,BLACKTIP SHARK,200,42
1947,Boating,AUSTRALIA,N,TIGER SHARK,425,536
1948,Provoked,BAHAMAS,N,LEMON SHARK,120,14
1948,Unprovoked,AUSTRALIA,Y,TIGER SHARK,240,72
1949,Unprovoked,AUSTRALIA,N,COPPER SHARK,270,90
1949,Unprovoked,AUSTRALIA,Y,WHITE SHARK,360,467
1950,Unprovoked,INDONESIA,Y,TIGER SHARK,400,432
1950,Unprovoked,AUSTRALIA,N,WHITE SHARK,300,260
1950,Boating,AUSTRALIA,N,WHITE SHARK,360,467
1950,Unprovoked,SOUTH AFRICA,Y,WHITE SHARK,370,512
1950,Boating,AUSTRALIA,N,WHITE SHARK,520,1458
1951,Unprovoked,SOUTH AFRICA,N,WHITE SHARK,180,58
1951,Unprovoked,SOUTH AFRICA,N,WHITE SHARK,240,135
1952,Unprovoked,NETHERLANDS ANTILLES,N,BULL SHARK,270,123
1952,Boating,USA,N,HAMMERHEAD SHARK,150,15
1952,Unprovoked,INDIA,N,SANDBAR SHARK,60,1
1952,Unprovoked,USA,N,TIGER SHARK,150,16
1952,Unprovoked,USA,N,WHITE SHARK,300,260
1952,Unprovoked,USA,Y,WHITE SHARK,460,1000
1952,Boating,AUSTRALIA,N,WHITE SHARK,465,1037
1953,Unprovoked,IRAN,N,BULL SHARK,150,22
1953,Unprovoked,USA,N,HAMMERHEAD SHARK,150,15
1953,Boating,CANADA,N,WHITE SHARK,370,512
1954,Unprovoked,USA,N,BLACKTIP SHARK,150,17
1955,Provoked,USA,N,BLUE SHARK,150,27
1955,Unprovoked,AUSTRALIA,Y,COPPER SHARK,370,240
1955,Unprovoked,USA,N,LEOPARD SHARK,90,4
1955,Unprovoked,AUSTRALIA,Y,WHITE SHARK,360,467
1955,Unprovoked,USA,N,WHITE SHARK,550,1760
1955,Unprovoked,MONTENEGRO,Y,WHITE SHARK,650,2913
1956,Unprovoked,PAPUA NEW GUINEA,Y,TIGER SHARK,240,72
1956,Unprovoked,USA,N,WHITE SHARK,270,190
1956,Unprovoked,ITALY,N,WHITE SHARK,400,650
1957,Provoked,USA,N,BULL SHARK,270,123
1958,Boating,MEXICO,N,HAMMERHEAD SHARK,520,450
1958,Unprovoked,USA,N,TIGER SHARK,165,21
1958,Unprovoked,USA,N,TIGER SHARK,165,21
1958,Unprovoked,BAHAMAS,N,TIGER SHARK,180,28
1958,Unprovoked,USA,Y,TIGER SHARK,610,1814
1959,Unprovoked,USA,N,BLUE SHARK,150,27
1959,Provoked,USA,N,BLUE SHARK,180,49
1959,Unprovoked,JAPAN,Y,BLUE SHARK,300,282
1959,Unprovoked,USA,N,HAMMERHEAD SHARK,180,26
1959,Sea Disaster,USA,N,HAMMERHEAD SHARK,275,90
1959,Provoked,USA,N,HAMMERHEAD SHARK,275,90
1959,Boating,USA,N,HAMMERHEAD SHARK,300,117
1959,Boating,AUSTRALIA,N,SHORTFIN MAKO SHARK,240,53
1959,Boating,NEW ZEALAND,N,SHORTFIN MAKO SHARK,430,315
1959,Boating,SOUTH AFRICA,N,THRESHER SHARK,370,344
1959,Unprovoked,FIJI,N,TIGER SHARK,180,28
1959,Unprovoked,AUSTRALIA,N,TIGER SHARK,180,28
1959,Provoked,USA,N,TIGER SHARK,365,325
1959,Boating,AUSTRALIA,N,TIGER SHARK,370,343
1959,Unprovoked,USA,N,TIGER SHARK,370,343
1959,Boating,USA,N,TIGER SHARK,430,560
1959,Unprovoked,SOUTH AFRICA,N,WHITE SHARK,195,73
1959,Provoked,SOUTH AFRICA,N,WHITE SHARK,270,190
1959,Unprovoked,USA,Y,WHITE SHARK,300,260
1959,Boating,USA,N,WHITE SHARK,350,424
1959,Provoked,USA,N,WHITE SHARK,400,650
1959,Unprovoked,USA,N,WHITE SHARK,500,1300
1959,Unprovoked,USA,Y,WHITE SHARK,650,2913
1960,Unprovoked,AUSTRALIA,N,BULL SHARK,100,7
1960,Provoked,AUSTRALIA,N,COPPER SHARK,300,125
1960,Unprovoked,AUSTRALIA,N,COPPER SHARK,370,240
1960,Unprovoked,NEW ZEALAND,N,COPPER SHARK,400,305
1960,Unprovoked,BERMUDA,N,DUSKY SHARK,270,99
1960,Provoked,USA,N,LEMON SHARK,120,14
1960,Unprovoked,USA,N,SHORTFIN MAKO SHARK,195,29
1960,Provoked,AUSTRALIA,N,TIGER SHARK,210,47
1960,Unprovoked,PAPUA NEW GUINEA,Y,TIGER SHARK,340,253
1960,Provoked,AUSTRALIA,N,TIGER SHARK,425,536
1960,Unprovoked,SOUTH AFRICA,N,WHITE SHARK,210,90
1960,Unprovoked,SOUTH AFRICA,Y,WHITE SHARK,300,260
1960,Unprovoked,AUSTRALIA,N,WHITE SHARK,370,512
1960,Boating,SOUTH AFRICA,N,WHITE SHARK,415,721
1960,Unprovoked,USA,N,WHITE SHARK,450,929
1960,Provoked,NEW ZEALAND,N,WHITE SHARK,465,1037
1960,Unprovoked,USA,N,WHITE SHARK,490,1215
1961,Unprovoked,BERMUDA,N,BLACKTIP SHARK,195,38
1961,Unprovoked,MOZAMBIQUE,N,BULL SHARK,150,22
1961,Provoked,SOUTH AFRICA,N,BULL SHARK,150,22
1961,Unprovoked,AUSTRALIA,N,COPPER SHARK,240,62
1961,Unprovoked,JAPAN,N,GREY REEF SHARK,180,29
1961,Provoked,AUSTRALIA,N,HAMMERHEAD SHARK,180,26
1961,Unprovoked,USA,N,TIGER SHARK,300,148
1961,Unprovoked,AUSTRALIA,N,WHITE SHARK,370,512
1961,Unprovoked,USA,N,WHITE SHARK,400,650
1961,Unprovoked,ITALY,N,WHITE SHARK,450,929
1961,Provoked,AUSTRALIA,N,WHITE SHARK,520,1458
1962,Boating,AUSTRALIA,N,BLUE SHARK,300,282
1962,Provoked,USA,N,BROADNOSE SEVENGILL SHARK,120,7
1962,Unprovoked,SOUTH AFRICA,N,BULL SHARK,120,11
1962,Unprovoked,INDIA,N,BLACKTIP SHARK,200,42
1962,Unprovoked,AUSTRALIA,N,COPPER SHARK,210,41
1962,Provoked,AUSTRALIA,N,COPPER SHARK,300,125
1962,Provoked,AUSTRALIA,N,COPPER SHARK,370,240
1962,Provoked,SOUTH AFRICA,N,DUSKY SHARK,100,5
1962,Unprovoked,SOUTH AFRICA,Y,WHITE SHARK,300,260
1962,Unprovoked,USA,N,WHITE SHARK,400,650
1962,Unprovoked,AUSTRALIA,Y,WHITE SHARK,430,797
1962,Unprovoked,USA,N,WHITE SHARK,430,797
1963,Unprovoked,SOUTH AFRICA,N,BULL SHARK,180,38
1963,Unprovoked,SOUTH AFRICA,N,BULL SHARK,200,51
1963,Unprovoked,AUSTRALIA,N,COPPER SHARK,300,125
1963,Provoked,SOUTH AFRICA,N,DUSKY SHARK,100,5
1963,Unprovoked,FIJI,N,TIGER SHARK,120,8
1963,Unprovoked,SOUTH AFRICA,N,WHITE SHARK,170,49
1963,Unprovoked,FIJI,N,WHITE SHARK,210,90
1963,Unprovoked,GREECE,Y,WHITE SHARK,300,260
1963,Unprovoked,CHILE,Y,WHITE SHARK,400,650
1963,Provoked,AUSTRALIA,N,WHITE SHARK,465,1037
1963,Provoked,AUSTRALIA,N,WHITE SHARK,490,1215
1964,Provoked,FIJI,N,TIGER SHARK,350,283
1964,Unprovoked,SOUTH AFRICA,N,WHITE SHARK,150,33
1964,Unprovoked,AUSTRALIA,N,WHITE SHARK,240,135
1964,Provoked,AUSTRALIA,N,WHITE SHARK,270,190
1964,Unprovoked,NEW ZEALAND,N,WHITE SHARK,300,260
1964,Unprovoked,NEW ZEALAND,Y,WHITE SHARK,335,366
1964,Boating,SOUTH AFRICA,N,WHITE SHARK,360,467
1965,Provoked,BAHAMAS,N,LEMON SHARK,50,1
1965,Unprovoked,EGYPT,N,SHORTFIN MAKO SHARK,180,23
1965,Unprovoked,SOUTH AFRICA,N,WHITE SHARK,370,512
1966,Unprovoked,SOUTH AFRICA,N,BULL SHARK,165,29
1966,Unprovoked,AUSTRALIA,N,COPPER SHARK,210,41
1966,Provoked,USA,N,HAMMERHEAD SHARK,120,8
1966,Provoked,USA,N,SANDBAR SHARK,210,51
1966,Unprovoked,AUSTRALIA,N,SHORTFIN MAKO SHARK,190,27
1966,Unprovoked,AUSTRALIA,N,WHITE SHARK,250,152
1966,Unprovoked,USA,N,WHITE SHARK,300,260
1966,Provoked,AUSTRALIA,N,WHITE SHARK,760,4746
1967,Provoked,USA,N,BLUE SHARK,150,27
1967,Unprovoked,BAHAMAS,N,SANDBAR SHARK,165,24
1967,Provoked,SOUTH AFRICA,N,TIGER SHARK,210,47
1967,Unprovoked,SOUTH AFRICA,N,WHITE SHARK,300,260
1967,Provoked,ITALY,N,WHITE SHARK,450,929
1968,Unprovoked,USA,N,BULL SHARK,300,168
1968,Unprovoked,AUSTRALIA,N,COPPER SHARK,180,25
1968,Unprovoked,AUSTRALIA,N,COPPER SHARK,300,125
1968,Unprovoked,SOUTH AFRICA,N,HAMMERHEAD SHARK,165,20
1968,Unprovoked,USA,N,WHITE SHARK,400,650
1968,Unprovoked,NEW ZEALAND,Y,WHITE SHARK,430,797
1969,Provoked,USA,N,LEMON SHARK,275,175
1969,Unprovoked,USA,N,WHITE SHARK,465,1037
1969,Unprovoked,USA,N,WHITE SHARK,500,1300
1970,Unprovoked,ENGLAND,N,BLUE SHARK,245,141
1971,Unprovoked,SOUTH AFRICA,N,WHITE SHARK,300,260
1971,Unprovoked,SOUTH AFRICA,N,WHITE SHARK,300,260
1971,Unprovoked,NEW ZEALAND,N,WHITE SHARK,460,1000
1971,Unprovoked,USA,N,WHITE SHARK,550,1760
1971,Unprovoked,USA,N,WHITE SHARK,575,1983
1972,Unprovoked,AUSTRALIA,N,COPPER SHARK,305,131
1972,Unprovoked,FRENCH POLYNESIA,N,GREY REEF SHARK,150,17
1972,Unprovoked,MARSHALL ISLANDS,N,GREY REEF SHARK,180,29
1972,Unprovoked,MOZAMBIQUE,N,WHITE SHARK,250,152
1972,Unprovoked,SOUTH AFRICA,N,WHITE SHARK,300,260
1972,Unprovoked,AUSTRALIA,N,WHITE SHARK,305,273
1972,Unprovoked,USA,N,WHITE SHARK,470,1056
1972,Unprovoked,USA,N,WHITE SHARK,600,2287
1973,Unprovoked,USA,N,BLACKTIP SHARK,165,23
1973,Unprovoked,SOUTH AFRICA,N,BLACKTIP SHARK,200,42
1973,Unprovoked,BAHAMAS,N,BULL SHARK,230,77
1974,Unprovoked,AUSTRALIA,N,COPPER SHARK,120,7
1974,Unprovoked,ISRAEL,N,SHORTFIN MAKO SHARK,230,47
1974,Unprovoked,USA,N,WHITE SHARK,450,929
1974,Unprovoked,USA,N,WHITE SHARK,450,929
1974,Unprovoked,USA,N,WHITE SHARK,500,1300
1974,Unprovoked,USA,N,WHITE SHARK,500,1300
1974,Boating,SOUTH AFRICA,N,WHITE SHARK,500,1300
1974,Unprovoked,USA,N,WHITE SHARK,550,1760
1974,Unprovoked,USA,N,WHITE SHARK,550,1760
1974,Unprovoked,USA,N,WHITE SHARK,550,1760
1974,Unprovoked,USA,N,WHITE SHARK,575,1983
1975,Unprovoked,BERMUDA,N,BLUE SHARK,245,141
1975,Provoked,AUSTRALIA,N,COPPER SHARK,183,27
1975,Provoked,AUSTRALIA,N,COPPER SHARK,250,71
1975,Unprovoked,SOUTH AFRICA,N,WHITE SHARK,240,135
1975,Unprovoked,AUSTRALIA,Y,WHITE SHARK,300,260
1975,Unprovoked,USA,N,WHITE SHARK,550,1760
1975,Unprovoked,USA,N,WHITE SHARK,580,2042
1976,Provoked,ITALY,N,BLUE SHARK,200,71
1976,Unprovoked,USA,N,BULL SHARK,210,59
1976,Unprovoked,USA,N,TIGER SHARK,185,31
1976,Boating,SOUTH AFRICA,N,WHITE SHARK,250,152
1976,Unprovoked,SOUTH AFRICA,N,WHITE SHARK,300,260
1976,Provoked,SOUTH AFRICA,N,WHITE SHARK,300,260
1976,Unprovoked,USA,N,WHITE SHARK,350,424
1976,Unprovoked,SOUTH AFRICA,N,WHITE SHARK,350,424
1976,Unprovoked,USA,N,WHITE SHARK,450,929
1976,Provoked,SOUTH AFRICA,N,WHITE SHARK,480,1133
1976,Unprovoked,USA,N,WHITE SHARK,550,1760
1977,Unprovoked,USA,N,BULL SHARK,135,16
1977,Provoked,USA,N,BULL SHARK,245,92
1977,Boating,SOUTH AFRICA,N,SHORTFIN MAKO SHARK,230,47
1977,Unprovoked,SOUTH AFRICA,N,TIGER SHARK,300,148
1977,Boating,SOUTH AFRICA,N,WHITE SHARK,300,260
1977,Unprovoked,SOUTH AFRICA,N,WHITE SHARK,500,1300
1977,Unprovoked,USA,N,WHITE SHARK,575,1983
1978,Unprovoked,AUSTRALIA,N,BROADNOSE SEVENGILL SHARK,240,66
1978,Unprovoked,SOUTH AFRICA,Y,WHITE SHARK,230,118
1978,Unprovoked,SOUTH AFRICA,N,WHITE SHARK,370,512
1978,Unprovoked,ITALY,N,WHITE SHARK,500,1300
1979,Provoked,SOUTH AFRICA,N,WHITE SHARK,250,152
1979,Unprovoked,USA,N,WHITE SHARK,400,650
1979,Unprovoked,USA,N,WHITE SHARK,450,929
1979,Provoked,SOUTH AFRICA,N,WHITE SHARK,500,1300
1980,Provoked,SOUTH AFRICA,N,BULL SHARK,200,51
1980,Provoked,SOUTH AFRICA,N,HAMMERHEAD SHARK,150,15
1980,Provoked,USA,N,SPINY DOGFISH SHARK,180,14
1980,Unprovoked,USA,N,TIGER SHARK,430,560
1980,Unprovoked,REUNION,N,WHITE SHARK,180,58
1980,Unprovoked,SOUTH AFRICA,N,WHITE SHARK,280,212
1980,Unprovoked,USA,N,WHITE SHARK,450,929
1980,Unprovoked,USA,N,WHITE SHARK,450,929
1981,Unprovoked,USA,N,BULL SHARK,135,16
1981,Unprovoked,SOUTH AFRICA,N,BULL SHARK,180,38
1981,Unprovoked,AUSTRALIA,N,HAMMERHEAD SHARK,100,5
1981,Unprovoked,USA,N,HAMMERHEAD SHARK,210,41
1981,Boating,ENGLAND,N,THRESHER SHARK,395,413
1981,Unprovoked,SOUTH AFRICA,N,TIGER SHARK,210,47
1981,Unprovoked,AUSTRALIA,N,TIGER SHARK,250,82
1981,Unprovoked,USA,N,TIGER SHARK,370,343
1981,Provoked,SOUTH AFRICA,N,WHITE SHARK,350,424
1981,Unprovoked,SOUTH KOREA,Y,WHITE SHARK,600,2287
1981,Unprovoked,USA,Y,WHITE SHARK,700,3688
1982,Unprovoked,BAHAMAS,N,LEMON SHARK,200,67
1982,Unprovoked,TUNISIA,N,SPINNER SHARK,210,48
1982,Unprovoked,SOUTH AFRICA,N,WHITE SHARK,250,152
1982,Unprovoked,SOUTH AFRICA,Y,WHITE SHARK,250,152
1982,Unprovoked,SOUTH AFRICA,N,WHITE SHARK,280,212
1982,Unprovoked,USA,N,WHITE SHARK,500,1300
1982,Unprovoked,USA,N,WHITE SHARK,500,1300
1982,Unprovoked,USA,N,WHITE SHARK,550,1760
1982,Unprovoked,AUSTRALIA,Y,WHITE SHARK,550,1760
1983,Unprovoked,SOUTH AFRICA,N,BULL SHARK,180,38
1983,Unprovoked,USA,N,BULL SHARK,215,63
1983,Unprovoked,USA,N,HAMMERHEAD SHARK,150,15
1983,Sea Disaster,AUSTRALIA,Y,TIGER SHARK,500,930
1983,Sea Disaster,AUSTRALIA,Y,TIGER SHARK,500,930
1983,Sea Disaster,AUSTRALIA,N,TIGER SHARK,500,930
1983,Unprovoked,AUSTRALIA,N,WHITE SHARK,365,489
1983,Unprovoked,SOUTH AFRICA,N,WHITE SHARK,500,1300
1984,Unprovoked,USA,N,BLACKTIP SHARK,120,9
1984,Provoked,SOUTH AFRICA,N,DUSKY SHARK,150,17
1984,Unprovoked,USA,N,HAMMERHEAD SHARK,135,11
1984,Unprovoked,AUSTRALIA,Y,TIGER SHARK,400,432
1984,Unprovoked,SOUTH AFRICA,N,WHITE SHARK,250,152
1984,Unprovoked,USA,N,WHITE SHARK,350,424
1984,Unprovoked,USA,N,WHITE SHARK,400,650
1984,Unprovoked,USA,Y,WHITE SHARK,475,1094
1984,Provoked,MEXICO,N,WHITE SHARK,475,1094
1985,Provoked,SOUTH AFRICA,N,DUSKY SHARK,150,17
1985,Unprovoked,USA,N,TIGER SHARK,255,88
1985,Unprovoked,USA,N,TIGER SHARK,370,343
1985,Unprovoked,SOUTH AFRICA,N,WHITE SHARK,250,152
1985,Unprovoked,ITALY,N,WHITE SHARK,330,348
1985,Unprovoked,SOUTH AFRICA,N,WHITE SHARK,350,424
1985,Unprovoked,SOUTH AFRICA,N,WHITE SHARK,350,424
1985,Unprovoked,USA,N,WHITE SHARK,450,929
1985,Boating,USA,N,WHITE SHARK,550,1760
1985,Boating,USA,N,WHITE SHARK,550,1760
1985,Unprovoked,AUSTRALIA,Y,WHITE SHARK,600,2287
1985,Unprovoked,USA,N,WHITE SHARK,600,2287
1986,Unprovoked,USA,N,BLACKTIP SHARK,195,38
1986,Unprovoked,AUSTRALIA,N,COPPER SHARK,350,202
1986,Unprovoked,SOUTH AFRICA,N,DUSKY SHARK,120,8
1986,Unprovoked,USA,N,LEMON SHARK,210,78
1986,Unprovoked,SOUTH AFRICA,N,WHITE SHARK,270,190
1986,Unprovoked,SOUTH AFRICA,Y,WHITE SHARK,300,260
1986,Unprovoked,SPAIN,N,WHITE SHARK,350,424
1986,Unprovoked,USA,N,WHITE SHARK,550,1760
1986,Boating,AUSTRALIA,N,WHITE SHARK,600,2287
1987,Provoked,USA,N,BLACKTIP SHARK,150,17
1987,Unprovoked,USA,N,BLACKTIP SHARK,180,30
1987,Unprovoked,AUSTRALIA,N,COPPER SHARK,250,71
1987,Unprovoked,SOUTH AFRICA,N,WHITE SHARK,275,200
1987,Unprovoked,SOUTH AFRICA,N,WHITE SHARK,350,424
1987,Unprovoked,USA,N,WHITE SHARK,570,1926
1988,Unprovoked,USA,Y,BULL SHARK,300,168
1988,Provoked,SOUTH AFRICA,N,COPPER SHARK,150,15
1988,Boating,AUSTRALIA,N,SHORTFIN MAKO SHARK,300,100
1988,Provoked,USA,N,TIGER SHARK,180,28
1988,Unprovoked,FIJI,N,TIGER SHARK,300,148
1988,Unprovoked,USA,N,WHITE SHARK,270,190
1988,Unprovoked,CHILE,Y,WHITE SHARK,490,1215
1988,Unprovoked,USA,N,WHITE SHARK,575,1983
1989,Unprovoked,AUSTRALIA,N,COPPER SHARK,200,35
1989,Unprovoked,AUSTRALIA,N,COPPER SHARK,300,125
1989,Unprovoked,USA,N,HAMMERHEAD SHARK,210,41
1989,Unprovoked,USA,N,TIGER SHARK,180,28
1989,Boating,AUSTRALIA,N,TIGER SHARK,350,283
1989,Unprovoked,AUSTRALIA,N,TIGER SHARK,400,432
1989,Unprovoked,AUSTRALIA,Y,WHITE SHARK,200,79
1989,Unprovoked,SOUTH AFRICA,N,WHITE SHARK,250,152
1989,Unprovoked,SOUTH AFRICA,N,WHITE SHARK,250,152
1989,Unprovoked,AUSTRALIA,N,WHITE SHARK,270,190
1989,Unprovoked,ITALY,N,WHITE SHARK,300,260
1989,Unprovoked,SOUTH AFRICA,N,WHITE SHARK,300,260
1989,Unprovoked,SOUTH AFRICA,N,WHITE SHARK,340,385
1989,Provoked,AUSTRALIA,N,WHITE SHARK,350,424
1989,Boating,USA,N,WHITE SHARK,450,929
1989,Unprovoked,USA,N,WHITE SHARK,450,929
1989,Unprovoked,USA,Y,WHITE SHARK,500,1300
1989,Unprovoked,ITALY,Y,WHITE SHARK,600,2287
1990,Unprovoked,REUNION,N,BULL SHARK,300,168
1990,Unprovoked,AUSTRALIA,N,HAMMERHEAD SHARK,200,36
1990,Unprovoked,AUSTRALIA,N,HAMMERHEAD SHARK,200,36
1990,Unprovoked,USA,N,SPINNER SHARK,120,9
1990,Unprovoked,AUSTRALIA,N,TIGER SHARK,300,148
1990,Unprovoked,USA,N,TIGER SHARK,370,343
1990,Unprovoked,SOUTH AFRICA,N,WHITE SHARK,230,118
1990,Boating,USA,N,WHITE SHARK,275,200
1990,Unprovoked,USA,N,WHITE SHARK,350,424
1990,Unprovoked,USA,N,WHITE SHARK,400,650
1990,Unprovoked,SOUTH AFRICA,Y,WHITE SHARK,450,929
1990,Unprovoked,SOUTH AFRICA,N,WHITE SHARK,500,1300
1990,Unprovoked,USA,N,WHITE SHARK,550,1760
1990,Unprovoked,SOUTH AFRICA,N,WHITE SHARK,550,1760
1991,Unprovoked,USA,N,BLACKTIP SHARK,180,30
1991,Unprovoked,USA,N,BULL SHARK,270,123
1991,Unprovoked,USA,Y,TIGER SHARK,290,133
1991,Unprovoked,USA,N,TIGER SHARK,290,133
1991,Unprovoked,HONG KONG,Y,TIGER SHARK,325,218
1991,Unprovoked,REUNION,N,TIGER SHARK,350,283
1991,Unprovoked,USA,Y,TIGER SHARK,370,343
1991,Unprovoked,SOUTH AFRICA,N,WHITE SHARK,350,424
1991,Unprovoked,AUSTRALIA,Y,WHITE SHARK,400,650
1991,Boating,ITALY,N,WHITE SHARK,400,650
1991,Unprovoked,USA,N,WHITE SHARK,500,1300
1991,Unprovoked,USA,N,WHITE SHARK,550,1760
1991,Unprovoked,USA,N,WHITE SHARK,550,1760
1991,Unprovoked,SOUTH AFRICA,N,WHITE SHARK,550,1760
1991,Unprovoked,USA,N,WHITE SHARK,600,2287
1992,Unprovoked,SOUTH AFRICA,N,BLACKTIP SHARK,150,17
1992,Unprovoked,BAHAMAS,N,BLACKTIP SHARK,180,30
1992,Unprovoked,USA,N,BLACKTIP SHARK,200,42
1992,Unprovoked,SOUTH AFRICA,N,BULL SHARK,170,32
1992,Unprovoked,AUSTRALIA,N,COPPER SHARK,230,55
1992,Unprovoked,AUSTRALIA,N,COPPER SHARK,300,125
1992,Unprovoked,FIJI,N,HAMMERHEAD SHARK,300,117
1992,Unprovoked,USA,N,SHORTFIN MAKO SHARK,180,23
1992,Unprovoked,USA,N,TIGER SHARK,240,72
1992,Unprovoked,USA,Y,TIGER SHARK,335,239
1992,Unprovoked,REUNION,Y,TIGER SHARK,350,283
1992,Unprovoked,USA,N,TIGER SHARK,400,432
1992,Unprovoked,USA,N,TIGER SHARK,430,560
1992,Unprovoked,USA,N,WHITE SHARK,250,152
1992,Unprovoked,AUSTRALIA,N,WHITE SHARK,400,650
1992,Unprovoked,NEW ZEALAND,N,WHITE SHARK,400,650
1992,Unprovoked,AUSTRALIA,Y,WHITE SHARK,420,751
1992,Unprovoked,USA,N,WHITE SHARK,450,929
1992,Boating,USA,N,WHITE SHARK,500,1300
1992,Unprovoked,JAPAN,Y,WHITE SHARK,500,1300
1992,Unprovoked,USA,N,WHITE SHARK,575,1983
1992,Unprovoked,USA,N,WHITE SHARK,650,2913
1993,Unprovoked,BAHAMAS,N,BLACKTIP SHARK,180,30
1993,Unprovoked,USA,N,BULL SHARK,300,168
1993,Provoked,AUSTRALIA,N,COPPER SHARK,150,15
1993,Unprovoked,USA,Y,TIGER SHARK,240,72
1993,Unprovoked,USA,N,TIGER SHARK,370,343
1993,Unprovoked,SOUTH AFRICA,N,WHITE SHARK,300,260
1993,Unprovoked,ANGOLA,N,WHITE SHARK,300,260
1993,Unprovoked,EL SALVADOR,N,WHITE SHARK,370,512
1993,Unprovoked,SOUTH AFRICA,N,WHITE SHARK,400,650
1993,Unprovoked,USA,N,WHITE SHARK,450,929
1993,Unprovoked,AUSTRALIA,Y,WHITE SHARK,500,1300
1993,Unprovoked,USA,N,WHITE SHARK,550,1760
1993,Unprovoked,AUSTRALIA,Y,WHITE SHARK,550,1760
1993,Boating,USA,N,WHITE SHARK,600,2287
1993,Boating,USA,N,WHITE SHARK,600,2287
1993,Boating,AUSTRALIA,N,WHITE SHARK,600,2287
1993,Unprovoked,USA,N,WHITE SHARK,600,2287
1994,Unprovoked,REUNION,Y,BULL SHARK,325,210
1994,Provoked,USA,N,LEMON SHARK,120,14
1994,Unprovoked,USA,N,SPINNER SHARK,120,9
1994,Unprovoked,HONG KONG,N,TIGER SHARK,600,1730
1994,Unprovoked,SOUTH AFRICA,N,WHITE SHARK,300,260
1994,Unprovoked,CHILE,N,WHITE SHARK,360,467
1994,Unprovoked,CHILE,N,WHITE SHARK,360,467
1994,Unprovoked,SOUTH AFRICA,Y,WHITE SHARK,400,650
1994,Unprovoked,SOUTH AFRICA,N,WHITE SHARK,400,650
1994,Unprovoked,SOUTH AFRICA,Y,WHITE SHARK,490,1215
1994,Unprovoked,USA,N,WHITE SHARK,500,1300
1994,Unprovoked,USA,Y,WHITE SHARK,525,1506
1994,Unprovoked,SOUTH AFRICA,N,WHITE SHARK,550,1760
1995,Unprovoked,USA,Y,BULL SHARK,335,230
1995,Unprovoked,AUSTRALIA,N,COPPER SHARK,200,35
1995,Unprovoked,SOUTH AFRICA,Y,TIGER SHARK,180,28
1995,Unprovoked,USA,N,TIGER SHARK,370,343
1995,Unprovoked,USA,N,WHITE SHARK,350,424
1995,Unprovoked,USA,N,WHITE SHARK,400,650
1995,Unprovoked,NEW ZEALAND,N,WHITE SHARK,500,1300
1995,Unprovoked,USA,N,WHITE SHARK,600,2287
1995,Unprovoked,JAPAN,Y,WHITE SHARK,600,2287
1996,Unprovoked,USA,N,BLACKTIP SHARK,75,2
1996,Unprovoked,USA,N,HAMMERHEAD SHARK,195,33
1996,Boating,AUSTRALIA,N,SHORTFIN MAKO SHARK,430,315
1996,Unprovoked,USA,N,TIGER SHARK,240,72
1996,Unprovoked,SOUTH AFRICA,N,WHITE SHARK,250,152
1996,Unprovoked,USA,N,WHITE SHARK,400,650
1996,Unprovoked,AUSTRALIA,N,WHITE SHARK,400,650
1996,Unprovoked,USA,N,WHITE SHARK,500,1300
1996,Unprovoked,JAPAN,Y,WHITE SHARK,500,1300
1996,Unprovoked,USA,N,WHITE SHARK,575,1983
1996,Unprovoked,USA,N,WHITE SHARK,600,2287
1997,Unprovoked,USA,N,SPINNER SHARK,120,9
1997,Unprovoked,AUSTRALIA,N,TIGER SHARK,250,82
1997,Unprovoked,FIJI,N,TIGER SHARK,270,106
1997,Unprovoked,USA,N,TIGER SHARK,415,500
1997,Unprovoked,AUSTRALIA,Y,TIGER SHARK,450,655
1997,Unprovoked,MEXICO,Y,TIGER SHARK,520,1063
1997,Unprovoked,BRAZIL,N,WHITE SHARK,395,623
1997,Unprovoked,SOUTH AFRICA,Y,WHITE SHARK,450,929
1997,Unprovoked,USA,N,WHITE SHARK,500,1300
1997,Unprovoked,AUSTRALIA,N,WHITE SHARK,550,1760
1998,Unprovoked,USA,N,BLACKTIP SHARK,180,30
1998,Unprovoked,USA,N,DUSKY SHARK,365,247
1998,Unprovoked,USA,N,LEMON SHARK,150,28
1998,Unprovoked,USA,N,SPINNER SHARK,150,17
1998,Provoked,SOUTH AFRICA,N,TIGER SHARK,200,40
1998,Unprovoked,SOUTH AFRICA,N,WHITE SHARK,300,260
1998,Unprovoked,SOUTH AFRICA,N,WHITE SHARK,350,424
1998,Unprovoked,SOUTH AFRICA,N,WHITE SHARK,400,650
1998,Unprovoked,SOUTH AFRICA,N,WHITE SHARK,400,650
1998,Unprovoked,SOUTH AFRICA,N,WHITE SHARK,490,1215
1998,Unprovoked,USA,N,WHITE SHARK,500,1300
1998,Unprovoked,USA,N,WHITE SHARK,550,1760
1998,Unprovoked,USA,N,WHITE SHARK,550,1760
1998,Unprovoked,AUSTRALIA,Y,WHITE SHARK,550,1760
1999,Unprovoked,USA,N,BLACKTIP SHARK,180,30
1999,Unprovoked,USA,N,BULL SHARK,210,59
1999,Unprovoked,BAHAMAS,N,BULL SHARK,270,123
1999,Unprovoked,MARSHALL ISLANDS,N,GREY REEF SHARK,120,8
1999,Unprovoked,MARSHALL ISLANDS,N,GREY REEF SHARK,120,8
1999,Unprovoked,MAURITIUS,N,GREY REEF SHARK,150,17
1999,Unprovoked,USA,N,LEMON SHARK,270,165
1999,Unprovoked,NEW ZEALAND,N,BROADNOSE SEVENGILL SHARK,240,66
1999,Provoked,NEW ZEALAND,N,SHORTFIN MAKO SHARK,130,9
1999,Unprovoked,USA,N,TIGER SHARK,210,47
1999,Unprovoked,USA,N,TIGER SHARK,210,47
1999,Unprovoked,USA,N,TIGER SHARK,210,47
1999,Unprovoked,BRAZIL,N,TIGER SHARK,250,82
1999,Unprovoked,SOUTH AFRICA,N,WHITE SHARK,300,260
1999,Unprovoked,SOUTH AFRICA,N,WHITE SHARK,400,650
1999,Unprovoked,SOUTH AFRICA,N,WHITE SHARK,400,650
1999,Unprovoked,SOUTH AFRICA,N,WHITE SHARK,400,650
1999,Unprovoked,SOUTH AFRICA,N,WHITE SHARK,460,1000
1999,Boating,ITALY,N,WHITE SHARK,700,3688
2000,Unprovoked,USA,N,BLACKTIP SHARK,60,1
2000,Provoked,ENGLAND,N,BLACKTIP SHARK,60,1
2000,Unprovoked,USA,N,BLACKTIP SHARK,90,4
2000,Unprovoked,USA,N,BLACKTIP SHARK,120,9
2000,Boating,USA,N,BULL SHARK,240,87
2000,Unprovoked,USA,Y,BULL SHARK,270,123
2000,Unprovoked,USA,N,BLACKTIP SHARK,270,104
2000,Unprovoked,AUSTRALIA,N,COPPER SHARK,250,71
2000,Unprovoked, TONGA,N,GREY REEF SHARK,200,40
2000,Unprovoked,USA,N,LEMON SHARK,225,96
2000,Boating,NEW ZEALAND,N,SHORTFIN MAKO SHARK,200,32
2000,Unprovoked,USA,N,SHORTFIN MAKO SHARK,320,120
2000,Unprovoked,USA,N,TIGER SHARK,125,9
2000,Unprovoked,USA,N,TIGER SHARK,210,47
2000,Unprovoked,REUNION,N,TIGER SHARK,300,148
2000,Unprovoked,AUSTRALIA,N,TIGER SHARK,400,432
2000,Unprovoked,AUSTRALIA,N,TIGER SHARK,400,432
2000,Unprovoked,USA,N,TIGER SHARK,410,476
2000,Unprovoked,JAPAN,Y,WHITE SHARK,250,152
2000,Unprovoked,SOUTH AFRICA,N,WHITE SHARK,250,152
2000,Unprovoked,USA,N,WHITE SHARK,270,190
2000,Unprovoked,SOUTH AFRICA,N,WHITE SHARK,350,424
2000,Unprovoked,USA,N,WHITE SHARK,430,797
2000,Boating,AUSTRALIA,N,WHITE SHARK,450,929
2000,Unprovoked,AUSTRALIA,Y,WHITE SHARK,450,929
2000,Unprovoked,AUSTRALIA,N,WHITE SHARK,490,1215
2000,Unprovoked,AUSTRALIA,Y,WHITE SHARK,500,1300
2001,Unprovoked,USA,N,BLACKTIP SHARK,90,4
2001,Unprovoked,USA,N,BLACKTIP SHARK,135,12
2001,Unprovoked,USA,N,BLACKTIP SHARK,150,17
2001,Unprovoked,BAHAMAS,N,BULL SHARK,190,44
2001,Unprovoked,USA,N,BULL SHARK,230,77
2001,Unprovoked,BAHAMAS,N,BULL SHARK,300,168
2001,Unprovoked,AUSTRALIA,N,COPPER SHARK,250,71
2001,Unprovoked,SOUTH AFRICA,N,SHORTFIN MAKO SHARK,200,32
2001,Boating,USA,N,SHORTFIN MAKO SHARK,425,300
2001,Unprovoked,USA,N,SPINNER SHARK,135,12
2001,Unprovoked,MEXICO,N,TIGER SHARK,180,28
2001,Sea Disaster,CUBA,Y,TIGER SHARK,245,77
2001,Provoked,ENGLAND,N,TIGER SHARK,365,325
2001,Provoked,USA,N,WHITE SHARK,270,190
2001,Unprovoked,SOUTH AFRICA,N,WHITE SHARK,270,190
2001,Unprovoked,SOUTH AFRICA,N,WHITE SHARK,285,223
2001,Boating,AUSTRALIA,N,WHITE SHARK,430,797
2001,Boating,AUSTRALIA,N,WHITE SHARK,500,1300
2002,Provoked,USA,N,BLACKTIP SHARK,90,4
2002,Unprovoked,USA,N,BLACKTIP SHARK,120,9
2002,Unprovoked,USA,N,BLACKTIP SHARK,120,9
2002,Provoked,USA,N,BLACKTIP SHARK,180,30
2002,Unprovoked,USA,N,BULL SHARK,135,16
2002,Unprovoked,USA,N,BULL SHARK,195,47
2002,Unprovoked,COSTA RICA,N,BULL SHARK,195,47
2002,Unprovoked,AUSTRALIA,N,COPPER SHARK,150,15
2002,Unprovoked,SOUTH AFRICA,N,COPPER SHARK,200,35
2002,Unprovoked,USA,N,SPINNER SHARK,105,6
2002,Provoked,TONGA,N,TIGER SHARK,150,16
2002,Unprovoked,USA,N,TIGER SHARK,180,28
2002,Unprovoked,USA,N,TIGER SHARK,255,88
2002,Unprovoked,USA,N,TIGER SHARK,270,106
2002,Provoked,ENGLAND,N,TIGER SHARK,300,148
2002,Unprovoked,AUSTRALIA,N,TIGER SHARK,300,148
2002,Unprovoked,USA,N,WHITE SHARK,375,523
2002,Unprovoked,USA,N,WHITE SHARK,400,650
2002,Unprovoked,SOUTH AFRICA,N,WHITE SHARK,500,1300
2002,Unprovoked,AUSTRALIA,Y,WHITE SHARK,600,2287
2003,Provoked,USA,N,BULL SHARK,120,11
2003,Unprovoked,BAHAMAS,N,BULL SHARK,210,59
2003,Unprovoked,COSTA RICA,N,BULL SHARK,215,63
2003,Unprovoked,AUSTRALIA,Y,BULL SHARK,225,71
2003,Unprovoked,AUSTRALIA,N,COPPER SHARK,250,71
2003,Unprovoked,USA,N,HAMMERHEAD SHARK,245,64
2003,Unprovoked,VENEZUELA,N,SHORTFIN MAKO SHARK,300,100
2003,Unprovoked,SOUTH AFRICA,Y,TIGER SHARK,400,432
2003,Unprovoked,USA,N,TIGER SHARK,425,536
2003,Unprovoked,NEW ZEALAND,N,WHITE SHARK,250,152
2003,Unprovoked,SOUTH AFRICA,N,WHITE SHARK,350,424
2003,Unprovoked,USA,Y,WHITE SHARK,500,1300
2004,Unprovoked,NEW ZEALAND,N,BROADNOSE SEVENGILL SHARK,200,36
2004,Unprovoked,USA,N,BULL SHARK,120,11
2004,Unprovoked,VENEZUELA,N,BULL SHARK,165,29
2004,Unprovoked,CUBA,N,BULL SHARK,250,98
2004,Unprovoked,AUSTRALIA,N,COPPER SHARK,150,15
2004,Unprovoked,AUSTRALIA,N,COPPER SHARK,240,62
2004,Unprovoked,AUSTRALIA,N,COPPER SHARK,250,71
2004,Unprovoked,USA,N,SHORTFIN MAKO SHARK,180,23
2004,Unprovoked,JAPAN,N,SHORTFIN MAKO SHARK,350,155
2004,Boating,SOUTH AFRICA,N,SHORTFIN MAKO SHARK,350,155
2004,Unprovoked,BRAZIL,N,TIGER SHARK,150,16
2004,Unprovoked,URUGUAY,N,TIGER SHARK,175,26
2004,Unprovoked,REUNION,N,TIGER SHARK,250,82
2004,Unprovoked,USA,N,TIGER SHARK,270,106
2004,Boating,AUSTRALIA,N,TIGER SHARK,300,148
2004,Unprovoked,USA,N,TIGER SHARK,310,190
2004,Unprovoked,USA,N,WHITE SHARK,105,12
2004,Unprovoked,SOUTH AFRICA,N,WHITE SHARK,200,79
2004,Unprovoked,USA,N,WHITE SHARK,210,90
2004,Unprovoked,USA,N,WHITE SHARK,280,212
2004,Boating,SOUTH AFRICA,N,WHITE SHARK,350,424
2004,Boating,AUSTRALIA,N,WHITE SHARK,400,650
2004,Unprovoked,AUSTRALIA,Y,WHITE SHARK,475,1094
2004,Unprovoked,SOUTH AFRICA,N,WHITE SHARK,500,1300
2004,Unprovoked,USA,Y,WHITE SHARK,525,1506
2004,Unprovoked,USA,N,WHITE SHARK,550,1760
2004,Boating,NEW ZEALAND,N,WHITE SHARK,550,1760
2004,Unprovoked,AUSTRALIA,N,WHITE SHARK,550,1760
2004,Unprovoked,SOUTH AFRICA,Y,WHITE SHARK,600,2287
2005,Unprovoked,USA,N,BLACKTIP SHARK,180,30
2005,Unprovoked,USA,Y,BULL SHARK,180,38
2005,Unprovoked,AUSTRALIA,N,COPPER SHARK,200,35
2005,Provoked,AUSTRALIA,N,COPPER SHARK,250,71
2005,Provoked,NEW ZEALAND,N,COPPER SHARK,430,380
2005,Provoked,AUSTRALIA,N,SHORTFIN MAKO SHARK,150,14
2005,Provoked,USA,N,TIGER SHARK,210,47
2005,Unprovoked,USA,N,TIGER SHARK,240,72
2005,Boating,USA,N,TIGER SHARK,260,93
2005,Unprovoked,USA,N,TIGER SHARK,275,112
2005,Unprovoked,AUSTRALIA,N,TIGER SHARK,300,148
2005,Unprovoked,USA,N,TIGER SHARK,300,148
2005,Boating,AUSTRALIA,N,WHITE SHARK,300,260
2005,Unprovoked,SOUTH KOREA,N,WHITE SHARK,300,260
2005,Boating,AUSTRALIA,N,WHITE SHARK,400,650
2005,Unprovoked,AUSTRALIA,N,WHITE SHARK,400,650
2005,Unprovoked,USA,N,WHITE SHARK,425,766
2005,Unprovoked,AUSTRALIA,N,WHITE SHARK,490,1215
2005,Unprovoked,USA,N,WHITE SHARK,580,2042
2005,Unprovoked,AUSTRALIA,Y,WHITE SHARK,600,2287
2006,Unprovoked,USA,N,ANGELSHARK,120,15
2006,Unprovoked,USA,N,BLACKTIP SHARK,60,1
2006,Unprovoked,USA,N,BLACKTIP SHARK,180,30
2006,Unprovoked,USA,N,BLACKTIP SHARK,180,30
2006,Provoked,USA,N,BULL SHARK,120,11
2006,Unprovoked,USA,N,BULL SHARK,135,16
2006,Provoked,SOUTH AFRICA,N,BULL SHARK,150,22
2006,Unprovoked,REUNION,N,BULL SHARK,150,22
2006,Unprovoked,USA,N,BULL SHARK,170,32
2006,Unprovoked,AUSTRALIA,N,COPPER SHARK,183,27
2006,Unprovoked,AUSTRALIA,N,COPPER SHARK,200,35
2006,Provoked,USA,N,GREY REEF SHARK,245,73
2006,Unprovoked,FIJI,N,TIGER SHARK,150,16
2006,Unprovoked,USA,N,TIGER SHARK,305,175
2006,Unprovoked,USA,N,TIGER SHARK,305,175
2006,Unprovoked,USA,N,TIGER SHARK,335,239
2006,Provoked,USA,N,TIGER SHARK,455,684
2006,Unprovoked,SOUTH AFRICA,N,WHITE SHARK,350,424
2006,Unprovoked,SOUTH AFRICA,N,WHITE SHARK,350,424
2006,Unprovoked,AUSTRALIA,N,WHITE SHARK,350,424
2006,Unprovoked,AUSTRALIA,N,WHITE SHARK,425,766
2006,Boating,AUSTRALIA,N,WHITE SHARK,450,929
2006,Unprovoked,USA,N,WHITE SHARK,455,964
2006,Unprovoked,USA,N,WHITE SHARK,490,1215
2006,Unprovoked,AUSTRALIA,N,WHITE SHARK,500,1300
2007,Unprovoked,USA,N,BLACKTIP SHARK,150,17
2007,Unprovoked,BAHAMAS,N,BULL SHARK,150,22
2007,Unprovoked,USA,N,BULL SHARK,185,40
2007,Unprovoked,USA,N,BULL SHARK,305,175
2007,Boating,USA,N,BULL SHARK,305,175
2007,Unprovoked,AUSTRALIA,N,COPPER SHARK,135,10
2007,Provoked,BAHAMAS,N,LEMON SHARK,125,16
2007,Provoked,USA,N,LEMON SHARK,185,53
2007,Provoked,ENGLAND,N,SPINY DOGFISH SHARK,70,1
2007,Unprovoked,USA,N,TIGER SHARK,215,51
2007,Unprovoked,USA,N,TIGER SHARK,335,239
2007,Unprovoked,USA,N,TIGER SHARK,425,536
2007,Unprovoked,SEYCHELLES,N,WHITE SHARK,200,79
2007,Unprovoked,AUSTRALIA,N,WHITE SHARK,250,152
2007,Unprovoked,AUSTRALIA,N,WHITE SHARK,300,260
2007,Unprovoked,SOUTH AFRICA,N,WHITE SHARK,350,424
2007,Unprovoked,USA,N,WHITE SHARK,365,489
2007,Unprovoked,USA,N,WHITE SHARK,365,489
2008,Unprovoked,SOUTH AFRICA,N,BLACKTIP SHARK,200,42
2008,Unprovoked,NEW CALEDONIA,N,BULL SHARK,180,38
2008,Unprovoked,BAHAMAS,N,BULL SHARK,200,51
2008,Unprovoked,USA,N,BULL SHARK,245,92
2008,Boating,NEW ZEALAND,N,COPPER SHARK,400,305
2008,Unprovoked,USA,N,TIGER SHARK,365,325
2008,Unprovoked,SOUTH AFRICA,N,WHITE SHARK,200,79
2008,Unprovoked,AUSTRALIA,N,WHITE SHARK,245,143
2008,Unprovoked,AUSTRALIA,N,WHITE SHARK,400,650
2008,Boating,AUSTRALIA,N,WHITE SHARK,450,929
2008,Unprovoked,AUSTRALIA,Y,WHITE SHARK,450,929
2008,Unprovoked,SOUTH AFRICA,N,WHITE SHARK,450,929
2008,Boating,USA,N,WHITE SHARK,455,964
2008,Unprovoked,USA,Y,WHITE SHARK,455,964
2008,Boating,AUSTRALIA,N,WHITE SHARK,475,1094
2008,Unprovoked,USA,N,WHITE SHARK,490,1215
2008,Unprovoked,CROATIA,N,WHITE SHARK,500,1300
2009,Provoked,GUAM,N,BLACKTIP SHARK,120,9
2009,Provoked,SOUTH AFRICA,N,BLUE SHARK,100,7
2009,Unprovoked,MOZAMBIQUE,N,BULL SHARK,200,51
2009,Unprovoked,USA,N,BULL SHARK,245,92
2009,Unprovoked,AUSTRALIA,N,BULL SHARK,270,123
2009,Unprovoked,AUSTRALIA,N,BULL SHARK,300,168
2009,Unprovoked,AUSTRALIA,N,BULL SHARK,305,175
2009,Unprovoked,AUSTRALIA,N,DUSKY SHARK,200,40
2009,Boating,NEW ZEALAND,N,SHORTFIN MAKO SHARK,300,100
2009,Provoked,USA,N,TIGER SHARK,245,77
2009,Unprovoked,USA,N,TIGER SHARK,365,325
2009,Unprovoked,USA,N,WHITE SHARK,170,49
2009,Unprovoked,SOUTH AFRICA,N,WHITE SHARK,200,79
2009,Unprovoked,AUSTRALIA,N,WHITE SHARK,250,152
2009,Unprovoked,NEW ZEALAND,Y,WHITE SHARK,290,234
2009,Unprovoked,AUSTRALIA,N,WHITE SHARK,350,424
2009,Unprovoked,AUSTRALIA,N,WHITE SHARK,365,489
2009,Boating,AUSTRALIA,N,WHITE SHARK,400,650
2009,Unprovoked,USA,N,WHITE SHARK,455,964
2009,Unprovoked,AUSTRALIA,N,WHITE SHARK,500,1300
2009,Boating,AUSTRALIA,N,WHITE SHARK,550,1760
2010,Provoked,USA,N,BLUE SHARK,215,91
2010,Unprovoked,AUSTRALIA,N,BULL SHARK,140,18
2010,Unprovoked,USA,N,BULL SHARK,150,22
2010,Provoked,USA,N,LEMON SHARK,120,14
2010,Unprovoked,BAHAMAS,N,LEMON SHARK,185,53
2010,Provoked,USA,N,LEMON SHARK,185,53
2010,Provoked,USA,N,SPINNER SHARK,185,33
2010,Unprovoked,USA,N,TIGER SHARK,135,11
2010,Unprovoked,AUSTRALIA,N,WHITE SHARK,250,152
2010,Boating,USA,N,WHITE SHARK,455,964
2010,Unprovoked,USA,Y,WHITE SHARK,580,2042
2011,Unprovoked,USA,N,BLACKTIP SHARK,120,9
2011,Unprovoked,USA,N,BULL SHARK,185,40
2011,Unprovoked,SEYCHELLES,Y,BULL SHARK,185,40
2011,Unprovoked,USA,N,BULL SHARK,185,40
2011,Provoked,AUSTRALIA,N,BULL SHARK,200,51
2011,Unprovoked,INDONESIA,N,BULL SHARK,250,98
2011,Unprovoked,AUSTRALIA,N,BULL SHARK,250,98
2011,Unprovoked,SOUTH AFRICA,N,BULL SHARK,300,168
2011,Unprovoked,USA,N,BULL SHARK,365,296
2011,Provoked,USA,N,SANDBAR SHARK,245,82
2011,Unprovoked,USA,N,BROADNOSE SEVENGILL SHARK,215,45
2011,Unprovoked,USA,N,SPINNER SHARK,185,33
2011,Unprovoked,USA,N,TIGER SHARK,165,21
2011,Unprovoked,PAPUA NEW GUINEA,N,TIGER SHARK,200,40
2011,Unprovoked,NEW CALEDONIA,Y,TIGER SHARK,280,119
2011,Unprovoked,USA,N,TIGER SHARK,305,175
2011,Unprovoked,USA,N,WHITE SHARK,150,33
2011,Unprovoked,SOUTH AFRICA,Y,WHITE SHARK,185,62
2011,Unprovoked,AUSTRALIA,N,WHITE SHARK,250,152
2011,Unprovoked,AUSTRALIA,Y,WHITE SHARK,305,273
2011,Unprovoked,SOUTH AFRICA,N,WHITE SHARK,350,424
2011,Unprovoked,USA,N,WHITE SHARK,455,964
2011,Boating,USA,N,WHITE SHARK,475,1094
2012,Unprovoked,USA,N,BULL SHARK,170,32
2012,Unprovoked,AUSTRALIA,N,BULL SHARK,200,51
2012,Unprovoked,TONGA,N,BULL SHARK,300,168
2012,Unprovoked,MEXICO,N,BULL SHARK,300,168
2012,Unprovoked,USA,N,LEMON SHARK,150,28
2012,Unprovoked,FRENCH POLYNESIA,N,LEMON SHARK,275,175
2012,Unprovoked,AUSTRALIA,N,TIGER SHARK,185,31
2012,Unprovoked,USA,N,TIGER SHARK,245,77
2012,Boating,USA,N,TIGER SHARK,260,93
2012,Unprovoked,AUSTRALIA,N,TIGER SHARK,300,148
2012,Unprovoked,USA,N,TIGER SHARK,305,175
2012,Unprovoked,USA,N,TIGER SHARK,305,175
2012,Unprovoked,USA,N,TIGER SHARK,335,239
2012,Provoked,USA,N,TIGER SHARK,335,239
2012,Unprovoked,AUSTRALIA,N,TIGER SHARK,400,432
2012,Unprovoked,USA,N,TIGER SHARK,455,684
2012,Unprovoked,AUSTRALIA,N,WHITE SHARK,200,79
2012,Unprovoked,AUSTRALIA,N,WHITE SHARK,270,190
2012,Unprovoked,AUSTRALIA,Y,WHITE SHARK,400,650
2012,Unprovoked,SOUTH AFRICA,Y,WHITE SHARK,450,929
2012,Unprovoked,USA,Y,WHITE SHARK,470,1056
2012,Unprovoked,AUSTRALIA,Y,WHITE SHARK,500,1300
2012,Boating,AUSTRALIA,N,WHITE SHARK,600,2287
2012,Boating,SOUTH AFRICA,N,WHITE SHARK,700,3688
2013,Unprovoked,AUSTRALIA,N,BLACKTIP SHARK,100,5
2013,Unprovoked,USA,N,BLACKTIP SHARK,135,12
2013,Unprovoked,USA,N,BULL SHARK,90,5
2013,Unprovoked,USA,N,BULL SHARK,215,63
2013,Unprovoked,USA,N,BULL SHARK,245,92
2013,Unprovoked,AUSTRALIA,N,COPPER SHARK,250,71
2013,Unprovoked,NEW ZEALAND,N,COPPER SHARK,300,125
2013,Provoked,USA,N,LEMON SHARK,120,14
2013,Provoked,FRANCE,N,SHORTFIN MAKO SHARK,150,14
2013,Unprovoked,USA,N,TIGER SHARK,275,112
2013,Unprovoked,AUSTRALIA,Y,TIGER SHARK,300,148
2013,Unprovoked,USA,N,TIGER SHARK,335,239
2013,Unprovoked,USA,N,TIGER SHARK,425,536
2013,Unprovoked,USA,N,TIGER SHARK,455,684
2013,Unprovoked,JAMAICA,Y,TIGER SHARK,480,809
2013,Unprovoked,USA,N,WHITE SHARK,275,200
2013,Unprovoked,SOUTH AFRICA,N,WHITE SHARK,300,260
2013,Unprovoked,USA,N,WHITE SHARK,305,273
2013,Unprovoked,AUSTRALIA,N,WHITE SHARK,400,650
2013,Unprovoked,NEW ZEALAND,Y,WHITE SHARK,400,650
2013,Boating,AUSTRALIA,N,WHITE SHARK,500,1300
2014,Unprovoked,USA,N,BULL SHARK,110,9
2014,Unprovoked,AUSTRALIA,N,BULL SHARK,120,11
2014,Provoked,USA,N,BULL SHARK,135,16
2014,Unprovoked,USA,N,BULL SHARK,150,22
2014,Unprovoked,USA,N,BULL SHARK,245,92
2014,Unprovoked,BAHAMAS,N,BULL SHARK,290,152
2014,Unprovoked,AUSTRALIA,N,COPPER SHARK,150,15
2014,Provoked,AUSTRALIA,N,LEMON SHARK,350,250
2014,Unprovoked,USA,N,SANDBAR SHARK,105,6
2014,Unprovoked,USA,N,TIGER SHARK,365,325
2014,Provoked,USA,N,WHITE SHARK,215,98
2014,Unprovoked,USA,N,WHITE SHARK,290,234
2014,Unprovoked,AUSTRALIA,Y,WHITE SHARK,350,424
2014,Unprovoked,AUSTRALIA,N,WHITE SHARK,395,623
2014,Boating,USA,N,WHITE SHARK,395,623
2014,Unprovoked,AUSTRALIA,Y,WHITE SHARK,450,929
2014,Unprovoked,AUSTRALIA,N,WHITE SHARK,455,964
2014,Boating,USA,N,WHITE SHARK,580,2042
2014,Boating,NEW ZEALAND,N,WHITE SHARK,600,2287
2015,Unprovoked,USA,N,BLACKTIP SHARK,120,9
2015,Unprovoked,USA,N,BLACKTIP SHARK,135,12
2015,Unprovoked,USA,N,BLACKTIP SHARK,150,17
2015,Unprovoked,USA,N,BLACKTIP SHARK,165,23
2015,Unprovoked,USA,N,BLUE SHARK,260,173
2015,Boating,AUSTRALIA,N,BULL SHARK,130,15
2015,Unprovoked,USA,N,BULL SHARK,150,22
2015,Unprovoked,REUNION,N,BULL SHARK,200,51
2015,Unprovoked,REUNION,N,BULL SHARK,250,98
2015,Unprovoked,AUSTRALIA,N,BULL SHARK,295,158
2015,Unprovoked,NEW CALEDONIA,Y,BULL SHARK,350,263
2015,Unprovoked,AUSTRALIA,N,COPPER SHARK,150,15
2015,Unprovoked,AUSTRALIA,N,COPPER SHARK,183,27
2015,Provoked,USA,N,HAMMERHEAD SHARK,215,44
2015,Unprovoked,VENEZUELA,Y,HAMMERHEAD SHARK,250,69
2015,Unprovoked,USA,N,SPINNER SHARK,150,17
2015,Unprovoked,USA,N,SPINNER SHARK,215,51
2015,Unprovoked,BRAZIL,N,TIGER SHARK,150,16
2015,Unprovoked,USA,N,TIGER SHARK,215,51
2015,Unprovoked,USA,N,TIGER SHARK,305,175
2015,Unprovoked,REUNION,Y,TIGER SHARK,350,283
2015,Unprovoked,BELIZE,Y,TIGER SHARK,365,325
2015,Unprovoked,USA,N,TIGER SHARK,395,421
2015,Unprovoked,USA,N,TIGER SHARK,395,421
2015,Unprovoked,USA,N,WHITE SHARK,215,98
2015,Unprovoked,AUSTRALIA,N,WHITE SHARK,250,152
2015,Unprovoked,SOUTH AFRICA,N,WHITE SHARK,250,152
2015,Boating,SOUTH AFRICA,N,WHITE SHARK,300,260
2015,Unprovoked,AUSTRALIA,N,WHITE SHARK,300,260
2015,Unprovoked,USA,N,WHITE SHARK,320,322
2015,Unprovoked,USA,N,WHITE SHARK,320,322
2015,Unprovoked,SOUTH AFRICA,N,WHITE SHARK,325,339
2015,Boating,AUSTRALIA,N,WHITE SHARK,350,424
2015,Unprovoked,USA,N,WHITE SHARK,350,424
2015,Unprovoked,SOUTH AFRICA,N,WHITE SHARK,350,424
2015,Boating,USA,N,WHITE SHARK,395,623
2015,Boating,SOUTH AFRICA,N,WHITE SHARK,400,650
2015,Unprovoked,AUSTRALIA,Y,WHITE SHARK,405,664
2015,Boating,USA,N,WHITE SHARK,580,2042
2015,Unprovoked,AUSTRALIA,N,WHITE SHARK,600,2287
2016,Unprovoked,USA,N,BLACKTIP SHARK,120,9
2016,Provoked,AUSTRALIA,N,BROADNOSE SEVENGILL SHARK,150,14
2016,Unprovoked,USA,N,BULL SHARK,135,16
2016,Unprovoked,USA,N,BULL SHARK,185,40
2016,Unprovoked,BAHAMAS,N,BULL SHARK,185,40
2016,Unprovoked,INDONESIA,N,BULL SHARK,185,40
2016,Unprovoked,USA,N,BULL SHARK,215,63
2016,Unprovoked,REUNION,N,BULL SHARK,350,263
2016,Provoked,FRENCH POLYNESIA,N,GREY REEF SHARK,200,40
2016,Unprovoked,BAHAMAS,N,LEMON SHARK,275,175
2016,Provoked,NEW ZEALAND,N,SHORTFIN MAKO SHARK,150,14
2016,Unprovoked,NEW CALEDONIA,Y,TIGER SHARK,250,82
2016,Unprovoked,USA,N,TIGER SHARK,305,175
2016,Unprovoked,USA,N,TIGER SHARK,305,175
2016,Boating,USA,N,TIGER SHARK,305,175
2016,Unprovoked,USA,N,TIGER SHARK,425,536
2016,Unprovoked,USA,N,WHITE SHARK,275,200
2016,Unprovoked,USA,N,WHITE SHARK,335,366
2016,Unprovoked,AUSTRALIA,N,WHITE SHARK,350,424
2016,Unprovoked,SOUTH AFRICA,N,WHITE SHARK,400,650
2017,Unprovoked,SPAIN,N,BLUE SHARK,185,54
2017,Unprovoked,INDONESIA,N,BULL SHARK,100,7
2017,Unprovoked,USA,N,BULL SHARK,135,16
2017,Unprovoked,USA,N,BULL SHARK,135,16
2017,Unprovoked,AUSTRALIA,N,BULL SHARK,150,22
2017,Unprovoked,USA,N,BULL SHARK,185,40
2017,Unprovoked,REUNION,N,BULL SHARK,200,51
2017,Unprovoked,AUSTRALIA,N,BULL SHARK,400,389
2017,Unprovoked,USA,N,SPINNER SHARK,140,14
2017,Unprovoked,USA,N,TIGER SHARK,275,112
2017,Unprovoked,USA,N,TIGER SHARK,365,325
2017,Unprovoked,USA,N,WHITE SHARK,185,62
2017,Unprovoked,SOUTH AFRICA,N,WHITE SHARK,250,152
2017,Unprovoked,USA,N,WHITE SHARK,275,200
2017,Unprovoked,USA,N,WHITE SHARK,275,200
2017,Unprovoked,AUSTRALIA,N,WHITE SHARK,300,260
2017,Boating,USA,N,WHITE SHARK,305,273
2017,Unprovoked,AUSTRALIA,N,WHITE SHARK,325,339
2017,Unprovoked,AUSTRALIA,N,WHITE SHARK,350,424
2017,Boating,AUSTRALIA,N,WHITE SHARK,350,424
2017,Boating,USA,N,WHITE SHARK,365,489
2017,Unprovoked,AUSTRALIA,N,WHITE SHARK,400,650
2017,Boating,USA,N,WHITE SHARK,425,766
2017,Unprovoked,AUSTRALIA,N,WHITE SHARK,450,929
2017,Unprovoked,USA,N,WHITE SHARK,460,1000
2018,Unprovoked,USA,N,BULL SHARK,185,40
2018,Unprovoked,AUSTRALIA,N,BULL SHARK,200,51
2018,Unprovoked,NEW CALEDONIA,N,BULL SHARK,300,168
2018,Unprovoked,AUSTRALIA,N,GREY REEF SHARK,200,40
2018,Unprovoked,USA,N,LEMON SHARK,90,6
2018,Unprovoked,USA,N,TIGER SHARK,365,325
2018,Unprovoked,SOUTH AFRICA,N,WHITE SHARK,250,152
2018,Unprovoked,AUSTRALIA,N,WHITE SHARK,295,248
2018,Unprovoked,AUSTRALIA,N,WHITE SHARK,350,424
2018,Unprovoked,AUSTRALIA,N,WHITE SHARK,350,424